molecule,bond_length_A,ansatz,n_params,steps,e_hf,e_exact,e_vqe,error_mHa,seconds
H2,0.4,UCCSD,3,36,-0.9043613349333,-0.9141496448737719,-0.9141446076140747,0.005037259697249219,0.854094099951908
H2,0.5,UCCSD,3,56,-1.042996241730281,-1.0551597607727297,-1.055159058404026,0.0007023687036422643,1.8454292999813333
H2,0.6,UCCSD,3,57,-1.1011282278091903,-1.116285991043653,-1.1162607129176785,0.025278125974415033,2.3944767999928445
H2,0.7,UCCSD,3,49,-1.1173490337396947,-1.136189450836406,-1.1361872657914858,0.0021850449203331124,1.3760209999745712
H2,0.8,UCCSD,3,48,-1.1108504057917203,-1.1341476722426562,-1.1340494943070445,0.09817793561173183,1.3951323000947013
H2,0.9,UCCSD,3,70,-1.0919140563921457,-1.120560292950151,-1.1205602575273936,3.5422757393988036e-05,1.8795521999709308
H2,1.0,UCCSD,3,24,-1.0661086700915017,-1.1011503460612992,-1.1011325826791176,0.017763382181623655,0.508248700061813
H2,1.1,UCCSD,3,34,-1.0365389000370386,-1.0791929635242488,-1.078421102943218,0.7718605810307366,0.9374361999798566
H2,1.2,UCCSD,3,63,-1.0051067348496625,-1.0567407663399226,-1.0567403906263533,0.00037571356936716427,1.73213969997596
H2,1.3,UCCSD,3,69,-0.9731106464561954,-1.035186286828267,-1.0351856257018495,0.0006611264176115128,2.005060900002718
H2,1.4,UCCSD,3,57,-0.9414806869788866,-1.0154682690789005,-1.0154675081612219,0.0007609176786438354,1.595052000018768
H2,1.5,UCCSD,3,62,-0.9108735877408032,-0.9981493719093109,-0.9981484745523588,0.0008973569520787095,1.88598269992508
H2,1.6,UCCSD,3,75,-0.8817324833496922,-0.9834727456169741,-0.9834347084927082,0.03803712426586614,2.1060272000031546
H2,1.7,UCCSD,3,71,-0.8543376600940216,-0.9714267029349217,-0.9714266252904475,7.76444741834581e-05,1.9048858999740332
H2,1.8,UCCSD,3,61,-0.8288481803869335,-0.961816965125277,-0.9616024763521349,0.21448877314211856,1.4480102000525221
H2,1.9,UCCSD,3,79,-0.8053328763400734,-0.9543388643137496,-0.9543388335787191,3.073503052064552e-05,2.1521855000173673
H2,2.0,UCCSD,3,83,-0.7837926844665426,-0.9486411207014066,-0.9486407112126192,0.0004094887874339648,2.0825058999471366
H2,2.1,UCCSD,3,85,-0.7641776803820391,-0.9443746881286716,-0.944374677996437,1.0132234606885504e-05,1.9025041999993846
H2,2.2,UCCSD,3,72,-0.7464013772337255,-0.9412240394628397,-0.9410975818758234,0.12645758701634868,2.268683400005102
H2,2.3,UCCSD,3,74,-0.7303533470306423,-0.938922390771207,-0.9388060894816135,0.11630128959350117,1.7765499000670388
H2,2.4,UCCSD,3,65,-0.7159100845597273,-0.9372549570256005,-0.937253534877052,0.0014221485484799956,1.4969284000108019
H2,2.5,UCCSD,3,77,-0.702943622285405,-0.9360549233821632,-0.935951687059504,0.1032363226591837,1.8857242000522092
