molecule,bond_length_A,ansatz,layers,seed,n_params,steps,e_hf,e_exact,e_lowest_any_sector,e_vqe,error_mHa,seconds
LiH,1.2,UCCSD,0,0,92,95,-7.8356158118555195,-7.852430841151883,-7.852430841151876,-7.85242189573151,0.008945420373329682,171.53030272599426
LiH,1.2,HEA,2,0,48,140,-7.8356158118555195,-7.852430841151883,-7.852430841151876,-7.5029694726683225,349.4613684835608,8.797619377000956
LiH,1.2,HEA,2,1,48,276,-7.8356158118555195,-7.852430841151883,-7.852430841151876,-7.083145448928841,769.2853922230424,17.500598958999035
LiH,1.2,HEA,2,2,48,206,-7.8356158118555195,-7.852430841151883,-7.852430841151876,-7.835613045975369,16.817795176514494,13.110590848009451
LiH,1.2,HEA,2,3,48,300,-7.8356158118555195,-7.852430841151883,-7.852430841151876,-5.996797872340546,1855.632968811337,18.966166425001575
LiH,1.2,HEA,2,4,48,300,-7.8356158118555195,-7.852430841151883,-7.852430841151876,-6.988875336416591,863.5555047352925,18.965246669991757
LiH,1.2,HEA,4,0,96,300,-7.8356158118555195,-7.852430841151883,-7.852430841151876,-7.674115828632655,178.31501251922788,21.721832807001192
LiH,1.2,HEA,4,1,96,300,-7.8356158118555195,-7.852430841151883,-7.852430841151876,-7.464957262443593,387.4735787082901,21.665404011000646
LiH,1.2,HEA,4,2,96,300,-7.8356158118555195,-7.852430841151883,-7.852430841151876,-6.91956505413926,932.8657870126235,21.748461606999626
LiH,1.2,HEA,4,3,96,300,-7.8356158118555195,-7.852430841151883,-7.852430841151876,-7.835424708463075,17.006132688808684,22.11588298199058
LiH,1.2,HEA,4,4,96,300,-7.8356158118555195,-7.852430841151883,-7.852430841151876,-7.313735764444625,538.6950767072581,21.65176517199143
LiH,1.2,HEA,6,0,144,300,-7.8356158118555195,-7.852430841151883,-7.852430841151876,-7.455421887871141,397.00895328074193,24.67774185500457
LiH,1.2,HEA,6,1,144,300,-7.8356158118555195,-7.852430841151883,-7.852430841151876,-7.754840154062149,97.59068708973385,24.679528752007172
LiH,1.2,HEA,6,2,144,300,-7.8356158118555195,-7.852430841151883,-7.852430841151876,-7.203217442416376,649.2133987355073,24.656517210998572
LiH,1.2,HEA,6,3,144,300,-7.8356158118555195,-7.852430841151883,-7.852430841151876,-7.490671141086417,361.7597000654662,24.733878457001993
LiH,1.2,HEA,6,4,144,300,-7.8356158118555195,-7.852430841151883,-7.852430841151876,-7.58843818304324,263.9926581086431,25.097526106997975
LiH,1.6,UCCSD,0,0,92,97,-7.861864788017969,-7.88232439522168,-7.882324395221681,-7.882311313326262,0.013081895417599299,177.03198304600664
LiH,1.6,HEA,2,0,48,140,-7.861864788017969,-7.88232439522168,-7.882324395221681,-7.524773075400258,357.55131982142177,8.917328459996497
LiH,1.6,HEA,2,1,48,251,-7.861864788017969,-7.88232439522168,-7.882324395221681,-7.324799139061617,557.525256160063,15.861508407004294
LiH,1.6,HEA,2,2,48,214,-7.861864788017969,-7.88232439522168,-7.882324395221681,-7.861863506460224,20.460888761456353,13.55354403500678
LiH,1.6,HEA,2,3,48,207,-7.861864788017969,-7.88232439522168,-7.882324395221681,-6.056923798947659,1825.4005962740205,13.107595682013198
LiH,1.6,HEA,2,4,48,181,-7.861864788017969,-7.88232439522168,-7.882324395221681,-7.522801683921258,359.52271130042226,11.42277915799059
LiH,1.6,HEA,4,0,96,300,-7.861864788017969,-7.88232439522168,-7.882324395221681,-7.694966657307255,187.35773791442512,21.94078928801173
LiH,1.6,HEA,4,1,96,300,-7.861864788017969,-7.88232439522168,-7.882324395221681,-7.582384671324137,299.939723897543,21.74196817599295
LiH,1.6,HEA,4,2,96,300,-7.861864788017969,-7.88232439522168,-7.882324395221681,-7.403960779325781,478.3636158958986,22.239391765993787
LiH,1.6,HEA,4,3,96,250,-7.861864788017969,-7.88232439522168,-7.882324395221681,-7.861860767380397,20.463627841283305,18.162695503007853
LiH,1.6,HEA,4,4,96,262,-7.861864788017969,-7.88232439522168,-7.882324395221681,-6.733495631067695,1148.8287641539846,18.88101032699342
LiH,1.6,HEA,6,0,144,300,-7.861864788017969,-7.88232439522168,-7.882324395221681,-6.938217704675617,944.1066905460626,24.886910150991753
LiH,1.6,HEA,6,1,144,300,-7.861864788017969,-7.88232439522168,-7.882324395221681,-7.861936247720123,20.388147501557263,24.74955921000219
LiH,1.6,HEA,6,2,144,300,-7.861864788017969,-7.88232439522168,-7.882324395221681,-7.130715747031544,751.6086481901363,24.653139114001533
LiH,1.6,HEA,6,3,144,300,-7.861864788017969,-7.88232439522168,-7.882324395221681,-7.25862398830916,623.7004069125201,24.810005705992808
LiH,1.6,HEA,6,4,144,300,-7.861864788017969,-7.88232439522168,-7.882324395221681,-7.642926975642813,239.39741957886707,24.769371501010028
LiH,2.0,UCCSD,0,0,92,100,-7.830905626160444,-7.861087806587406,-7.861087806587424,-7.861067361241232,0.0204453461742915,181.25241115299286
LiH,2.0,HEA,2,0,48,183,-7.830905626160444,-7.861087806587406,-7.861087806587424,-7.513011704253737,348.0761023336694,11.642205127995112
LiH,2.0,HEA,2,1,48,300,-7.830905626160444,-7.861087806587406,-7.861087806587424,-7.351997969150285,509.0898374371209,19.050160290003987
LiH,2.0,HEA,2,2,48,195,-7.830905626160444,-7.861087806587406,-7.861087806587424,-7.830898359006239,30.189447581166817,12.309682652994525
LiH,2.0,HEA,2,3,48,161,-7.830905626160444,-7.861087806587406,-7.861087806587424,-6.087036903957164,1774.0509026302425,10.202704430994345
LiH,2.0,HEA,2,4,48,186,-7.830905626160444,-7.861087806587406,-7.861087806587424,-7.509406240887157,351.68156570024945,11.828978605990415
LiH,2.0,HEA,4,0,96,300,-7.830905626160444,-7.861087806587406,-7.861087806587424,-7.670348605136229,190.73920145117728,21.733787934004795
LiH,2.0,HEA,4,1,96,152,-7.830905626160444,-7.861087806587406,-7.861087806587424,-7.549367946993518,311.7198595938877,10.898763572011376
LiH,2.0,HEA,4,2,96,300,-7.830905626160444,-7.861087806587406,-7.861087806587424,-7.494818227261646,366.26957932575976,21.74815689800016
LiH,2.0,HEA,4,3,96,187,-7.830905626160444,-7.861087806587406,-7.861087806587424,-7.6700275475928965,191.06025899450964,13.553379930992378
LiH,2.0,HEA,4,4,96,300,-7.830905626160444,-7.861087806587406,-7.861087806587424,-6.986643214121301,874.4445924661051,21.7469826680026
LiH,2.0,HEA,6,0,144,300,-7.830905626160444,-7.861087806587406,-7.861087806587424,-7.0185979556749105,842.4898509124956,25.659949909997522
LiH,2.0,HEA,6,1,144,300,-7.830905626160444,-7.861087806587406,-7.861087806587424,-7.604377749208161,256.71005737924537,24.741806806996465
LiH,2.0,HEA,6,2,144,300,-7.830905626160444,-7.861087806587406,-7.861087806587424,-6.784913354497752,1076.1744520896546,24.636959032010054
LiH,2.0,HEA,6,3,144,300,-7.830905626160444,-7.861087806587406,-7.861087806587424,-7.411610694197018,449.47711239038847,24.866480570999556
LiH,2.0,HEA,6,4,144,300,-7.830905626160444,-7.861087806587406,-7.861087806587424,-7.833902049721891,27.185756865515387,25.629745016995003
LiH,2.6,UCCSD,0,0,92,106,-7.758404463787597,-7.817399970030727,-7.817399970030731,-7.817348861383891,0.0511086468355515,191.74900060299842
LiH,2.6,HEA,2,0,48,149,-7.758404463787597,-7.817399970030727,-7.817399970030731,-7.495459348652068,321.9406213786584,9.443420376002905
LiH,2.6,HEA,2,1,48,182,-7.758404463787597,-7.817399970030727,-7.817399970030731,-7.3001397202397635,517.2602497909633,11.511596509997617
LiH,2.6,HEA,2,2,48,273,-7.758404463787597,-7.817399970030727,-7.817399970030731,-7.758403931956703,58.99603807402354,17.37389287201222
LiH,2.6,HEA,2,3,48,217,-7.758404463787597,-7.817399970030727,-7.817399970030731,-6.152627783094964,1664.772186935763,13.898942800005898
LiH,2.6,HEA,2,4,48,207,-7.758404463787597,-7.817399970030727,-7.817399970030731,-7.350045422310421,467.35454772030585,13.262954860998434
LiH,2.6,HEA,4,0,96,198,-7.758404463787597,-7.817399970030727,-7.817399970030731,-7.630323737591505,187.07623243922188,14.390513078993536
LiH,2.6,HEA,4,1,96,190,-7.758404463787597,-7.817399970030727,-7.817399970030731,-7.672962100331494,144.43786969923255,13.686910548000014
LiH,2.6,HEA,4,2,96,145,-7.758404463787597,-7.817399970030727,-7.817399970030731,-7.43811910498438,379.28086504634706,10.495264053010033
LiH,2.6,HEA,4,3,96,300,-7.758404463787597,-7.817399970030727,-7.817399970030731,-7.707238653738894,110.16131629183246,21.64492374799738
LiH,2.6,HEA,4,4,96,300,-7.758404463787597,-7.817399970030727,-7.817399970030731,-7.124151224146725,693.2487458840022,21.80278903900762
LiH,2.6,HEA,6,0,144,300,-7.758404463787597,-7.817399970030727,-7.817399970030731,-7.304426895769021,512.9730742617058,24.76361516000179
LiH,2.6,HEA,6,1,144,300,-7.758404463787597,-7.817399970030727,-7.817399970030731,-7.59121120810604,226.1887619246865,24.634260294988053
LiH,2.6,HEA,6,2,144,300,-7.758404463787597,-7.817399970030727,-7.817399970030731,-7.345336008896656,472.06396113407044,24.799271841999143
LiH,2.6,HEA,6,3,144,300,-7.758404463787597,-7.817399970030727,-7.817399970030731,-7.614707563888243,202.69240614248395,24.692078969994327
LiH,2.6,HEA,6,4,144,300,-7.758404463787597,-7.817399970030727,-7.817399970030731,-7.375449980720748,441.94998930997895,24.715147107999655
LiH,3.2,UCCSD,0,0,92,104,-7.68941643708271,-7.793274336192345,-7.79327433619237,-7.7931774708473895,0.09686534495578769,188.51422312400246
LiH,3.2,HEA,2,0,48,155,-7.68941643708271,-7.793274336192345,-7.79327433619237,-7.509242041447184,284.03229474516144,9.84303879700019
LiH,3.2,HEA,2,1,48,211,-7.68941643708271,-7.793274336192345,-7.79327433619237,-7.046236523945871,747.0378122464742,13.391778167002485
LiH,3.2,HEA,2,2,48,300,-7.68941643708271,-7.793274336192345,-7.79327433619237,-7.6893574324370695,103.91690375527585,19.077542277998873
LiH,3.2,HEA,2,3,48,169,-7.68941643708271,-7.793274336192345,-7.79327433619237,-6.172655945324334,1620.6183908680111,10.81580638300511
LiH,3.2,HEA,2,4,48,155,-7.68941643708271,-7.793274336192345,-7.79327433619237,-7.150945515310541,642.3288208818043,9.841112348993192
LiH,3.2,HEA,4,0,96,300,-7.68941643708271,-7.793274336192345,-7.79327433619237,-7.586280116052337,206.99422014000834,21.76050011900952
LiH,3.2,HEA,4,1,96,162,-7.68941643708271,-7.793274336192345,-7.79327433619237,-7.634538178703009,158.73615748933645,11.869147593999514
LiH,3.2,HEA,4,2,96,300,-7.68941643708271,-7.793274336192345,-7.79327433619237,-7.37943420171599,413.84013447635493,21.924765388001106
LiH,3.2,HEA,4,3,96,163,-7.68941643708271,-7.793274336192345,-7.79327433619237,-7.710162728144007,83.1116080483385,11.863197297992883
LiH,3.2,HEA,4,4,96,300,-7.68941643708271,-7.793274336192345,-7.79327433619237,-7.077604922207298,715.6694139850472,22.101493367008516
LiH,3.2,HEA,6,0,144,300,-7.68941643708271,-7.793274336192345,-7.79327433619237,-7.54754605721843,245.72827897391568,24.885841715004062
LiH,3.2,HEA,6,1,144,300,-7.68941643708271,-7.793274336192345,-7.79327433619237,-7.604940448896687,188.33388729565837,24.756452841000282
LiH,3.2,HEA,6,2,144,300,-7.68941643708271,-7.793274336192345,-7.79327433619237,-7.319362072481901,473.91226371044405,24.746108446997823
LiH,3.2,HEA,6,3,144,300,-7.68941643708271,-7.793274336192345,-7.79327433619237,-7.573563107547121,219.71122864522474,24.738975307991495
LiH,3.2,HEA,6,4,144,186,-7.68941643708271,-7.793274336192345,-7.79327433619237,-7.3197574542954404,473.51688189690486,15.391533355999854
LiH,1.2,HEA_HF,2,0,48,92,-7.8356158118555195,-7.852430841151883,-7.852430841151859,-7.835612692754083,16.818148397800492,7.180547985000885
LiH,1.2,HEA_HF,2,1,48,89,-7.8356158118555195,-7.852430841151883,-7.852430841151859,-7.8356114138763235,16.81942727555974,5.519101287005469
LiH,1.2,HEA_HF,2,2,48,99,-7.8356158118555195,-7.852430841151883,-7.852430841151859,-7.8356149059734115,16.815935178471797,6.122323427989613
LiH,1.2,HEA_HF,2,3,48,91,-7.8356158118555195,-7.852430841151883,-7.852430841151859,-7.835612707419065,16.818133732818374,5.637489493004978
LiH,1.2,HEA_HF,2,4,48,87,-7.8356158118555195,-7.852430841151883,-7.852430841151859,-7.835609757109981,16.821084041902523,5.474926807000884
LiH,1.2,HEA_HF,4,0,96,91,-7.8356158118555195,-7.852430841151883,-7.852430841151859,-7.83561008094723,16.820760204653062,6.501049986007274
LiH,1.2,HEA_HF,4,1,96,102,-7.8356158118555195,-7.852430841151883,-7.852430841151859,-7.835614649787973,16.816191363909994,7.244913244008785
LiH,1.2,HEA_HF,4,2,96,90,-7.8356158118555195,-7.852430841151883,-7.852430841151859,-7.835608874711177,16.821966440706326,6.457510114007164
LiH,1.2,HEA_HF,4,3,96,96,-7.8356158118555195,-7.852430841151883,-7.852430841151859,-7.835612767343602,16.818073808281042,6.828742686993792
LiH,1.2,HEA_HF,4,4,96,97,-7.8356158118555195,-7.852430841151883,-7.852430841151859,-7.835612600783233,16.818240368650095,6.905543497996405
LiH,1.2,HEA_HF,6,0,144,109,-7.8356158118555195,-7.852430841151883,-7.852430841151859,-7.835614652018826,16.816189133057158,8.844993878999958
LiH,1.2,HEA_HF,6,1,144,108,-7.8356158118555195,-7.852430841151883,-7.852430841151859,-7.83561451301121,16.816328140673242,8.774112268001772
LiH,1.2,HEA_HF,6,2,144,104,-7.8356158118555195,-7.852430841151883,-7.852430841151859,-7.8356135550912684,16.817286060614833,8.501649898011237
LiH,1.2,HEA_HF,6,3,144,103,-7.8356158118555195,-7.852430841151883,-7.852430841151859,-7.835613832930328,16.81700822155552,8.322493785992265
LiH,1.2,HEA_HF,6,4,144,100,-7.8356158118555195,-7.852430841151883,-7.852430841151859,-7.8356121809045876,16.818660247295725,8.178427264996571
LiH,1.6,HEA_HF,2,0,48,92,-7.861864788017969,-7.88232439522168,-7.8823243952216915,-7.861861842751393,20.46255247028661,5.703735212009633
LiH,1.6,HEA_HF,2,1,48,89,-7.861864788017969,-7.88232439522168,-7.8823243952216915,-7.861860374254522,20.46402096715827,5.526740974004497
LiH,1.6,HEA_HF,2,2,48,94,-7.861864788017969,-7.88232439522168,-7.8823243952216915,-7.861862688069446,20.46170715223372,5.902177085008589
LiH,1.6,HEA_HF,2,3,48,91,-7.861864788017969,-7.88232439522168,-7.8823243952216915,-7.861861704115601,20.462691106079234,5.655871372000547
LiH,1.6,HEA_HF,2,4,48,97,-7.861864788017969,-7.88232439522168,-7.8823243952216915,-7.861862956085125,20.461439136554738,6.020514503004961
LiH,1.6,HEA_HF,4,0,96,91,-7.861864788017969,-7.88232439522168,-7.8823243952216915,-7.861859145525104,20.465249696576038,6.496843068001908
LiH,1.6,HEA_HF,4,1,96,102,-7.861864788017969,-7.88232439522168,-7.8823243952216915,-7.861863663132397,20.46073208928334,7.3266724460117985
LiH,1.6,HEA_HF,4,2,96,90,-7.861864788017969,-7.88232439522168,-7.8823243952216915,-7.861858270565744,20.466124655936113,6.353284575001453
LiH,1.6,HEA_HF,4,3,96,92,-7.861864788017969,-7.88232439522168,-7.8823243952216915,-7.861859969213006,20.464426008674153,6.567056825995678
LiH,1.6,HEA_HF,4,4,96,98,-7.861864788017969,-7.88232439522168,-7.8823243952216915,-7.861862060759149,20.462334462530762,7.167755295988172
LiH,1.6,HEA_HF,6,0,144,104,-7.861864788017969,-7.88232439522168,-7.8823243952216915,-7.861862970683389,20.461424538290807,8.851596790002077
LiH,1.6,HEA_HF,6,1,144,104,-7.861864788017969,-7.88232439522168,-7.8823243952216915,-7.861863088232786,20.461306988893924,8.659951510999235
LiH,1.6,HEA_HF,6,2,144,104,-7.861864788017969,-7.88232439522168,-7.8823243952216915,-7.861862538971255,20.461856250425292,8.559537041990552
LiH,1.6,HEA_HF,6,3,144,97,-7.861864788017969,-7.88232439522168,-7.8823243952216915,-7.8618598731137554,20.464522107924488,8.123008960988955
LiH,1.6,HEA_HF,6,4,144,100,-7.861864788017969,-7.88232439522168,-7.8823243952216915,-7.8618612792442,20.463115977479518,8.18127722699137
LiH,2.0,HEA_HF,2,0,48,92,-7.830905626160444,-7.861087806587406,-7.861087806587409,-7.830902767973826,30.18503861358024,5.7184454039961565
LiH,2.0,HEA_HF,2,1,48,89,-7.830905626160444,-7.861087806587406,-7.861087806587409,-7.83090133896081,30.186467626595714,5.529983915999765
LiH,2.0,HEA_HF,2,2,48,94,-7.830905626160444,-7.861087806587406,-7.861087806587409,-7.830903545858301,30.184260729105183,5.922219539002981
LiH,2.0,HEA_HF,2,3,48,91,-7.830905626160444,-7.861087806587406,-7.861087806587409,-7.830902659630251,30.18514695715524,5.649477625003783
LiH,2.0,HEA_HF,2,4,48,87,-7.830905626160444,-7.861087806587406,-7.861087806587409,-7.83089990301853,30.18790356887635,5.3930305800022325
LiH,2.0,HEA_HF,4,0,96,92,-7.830905626160444,-7.861087806587406,-7.861087806587409,-7.830901192139064,30.186614448342475,6.559779019997222
LiH,2.0,HEA_HF,4,1,96,102,-7.830905626160444,-7.861087806587406,-7.861087806587409,-7.830904535396648,30.18327119075792,7.311503346005338
LiH,2.0,HEA_HF,4,2,96,90,-7.830905626160444,-7.861087806587406,-7.861087806587409,-7.830899322407541,30.18848417986497,6.438068492003367
LiH,2.0,HEA_HF,4,3,96,89,-7.830905626160444,-7.861087806587406,-7.861087806587409,-7.830898990431014,30.18881615639213,6.362109674009844
LiH,2.0,HEA_HF,4,4,96,97,-7.830905626160444,-7.861087806587406,-7.861087806587409,-7.830902951192866,30.1848553945403,6.895303844998125
LiH,2.0,HEA_HF,6,0,144,104,-7.830905626160444,-7.861087806587406,-7.861087806587409,-7.8309039592755685,30.183847311837653,8.406863579002675
LiH,2.0,HEA_HF,6,1,144,104,-7.830905626160444,-7.861087806587406,-7.861087806587409,-7.830904011455999,30.18379513140701,8.507316620001802
LiH,2.0,HEA_HF,6,2,144,104,-7.830905626160444,-7.861087806587406,-7.861087806587409,-7.8309034627746525,30.18434381275359,8.496398599003442
LiH,2.0,HEA_HF,6,3,144,97,-7.830905626160444,-7.861087806587406,-7.861087806587409,-7.830900835798727,30.186970788679268,7.886505403002957
LiH,2.0,HEA_HF,6,4,144,100,-7.830905626160444,-7.861087806587406,-7.861087806587409,-7.830902267607358,30.1855389800485,8.122716770987608
LiH,2.6,HEA_HF,2,0,48,92,-7.758404463787597,-7.817399970030727,-7.817399970030738,-7.758401808046688,58.99816198403851,5.703259645990329
LiH,2.6,HEA_HF,2,1,48,89,-7.758404463787597,-7.817399970030727,-7.817399970030738,-7.75840017501439,58.99979501633723,5.606160199997248
LiH,2.6,HEA_HF,2,2,48,94,-7.758404463787597,-7.817399970030727,-7.817399970030738,-7.7584023781086175,58.997591922109294,5.8350714270054596
LiH,2.6,HEA_HF,2,3,48,91,-7.758404463787597,-7.817399970030727,-7.817399970030738,-7.758401723816291,58.99824621443628,5.758919075989979
LiH,2.6,HEA_HF,2,4,48,87,-7.758404463787597,-7.817399970030727,-7.817399970030738,-7.758398990028465,59.00098000226173,5.430762899006368
LiH,2.6,HEA_HF,4,0,96,102,-7.758404463787597,-7.817399970030727,-7.817399970030738,-7.758402903715756,58.997066314971036,7.294367769995006
LiH,2.6,HEA_HF,4,1,96,98,-7.758404463787597,-7.817399970030727,-7.817399970030738,-7.758402899861536,58.99707016919109,6.9638915789983
LiH,2.6,HEA_HF,4,2,96,90,-7.758404463787597,-7.817399970030727,-7.817399970030738,-7.758398362751481,59.00160727924586,6.425417748003383
LiH,2.6,HEA_HF,4,3,96,93,-7.758404463787597,-7.817399970030727,-7.817399970030738,-7.7584003259165515,58.999644114175354,6.54981282701192
LiH,2.6,HEA_HF,4,4,96,97,-7.758404463787597,-7.817399970030727,-7.817399970030738,-7.7584018812051,58.99808882562674,6.972578371991403
LiH,2.6,HEA_HF,6,0,144,104,-7.758404463787597,-7.817399970030727,-7.817399970030738,-7.758402903976902,58.997066053825264,8.49128859899065
LiH,2.6,HEA_HF,6,1,144,94,-7.758404463787597,-7.817399970030727,-7.817399970030738,-7.758399637465782,59.000332564944635,7.5932236240041675
LiH,2.6,HEA_HF,6,2,144,104,-7.758404463787597,-7.817399970030727,-7.817399970030738,-7.758402331110228,58.997638920498474,8.600274085998535
LiH,2.6,HEA_HF,6,3,144,97,-7.758404463787597,-7.817399970030727,-7.817399970030738,-7.758399870020635,59.00010001009193,7.9353510810033185
LiH,2.6,HEA_HF,6,4,144,100,-7.758404463787597,-7.817399970030727,-7.817399970030738,-7.7584013006844215,58.99866934630538,8.209894375002477
LiH,3.2,HEA_HF,2,0,48,92,-7.68941643708271,-7.793274336192345,-7.793274336192364,-7.689413678835247,103.8606573570986,5.833040748999338
LiH,3.2,HEA_HF,2,1,48,100,-7.68941643708271,-7.793274336192345,-7.793274336192364,-7.6894155335098855,103.85880268245984,6.280765272997087
LiH,3.2,HEA_HF,2,2,48,94,-7.68941643708271,-7.793274336192345,-7.793274336192364,-7.689414436047148,103.85990014519741,5.909457614005078
LiH,3.2,HEA_HF,2,3,48,90,-7.68941643708271,-7.793274336192345,-7.793274336192364,-7.689413242511797,103.86109368054797,5.693053366994718
LiH,3.2,HEA_HF,2,4,48,87,-7.68941643708271,-7.793274336192345,-7.793274336192364,-7.6894112364006055,103.8630997917398,5.437647390004713
LiH,3.2,HEA_HF,4,0,96,91,-7.68941643708271,-7.793274336192345,-7.793274336192364,-7.68941122810527,103.86310808707577,6.606138495000778
LiH,3.2,HEA_HF,4,1,96,92,-7.68941643708271,-7.793274336192345,-7.793274336192364,-7.689412235713622,103.86210047872346,6.576777574009611
LiH,3.2,HEA_HF,4,2,96,96,-7.68941643708271,-7.793274336192345,-7.793274336192364,-7.689413763864809,103.86057232753654,6.948907551006414
LiH,3.2,HEA_HF,4,3,96,93,-7.68941643708271,-7.793274336192345,-7.793274336192364,-7.689412524950727,103.86181124161808,6.678234557010001
LiH,3.2,HEA_HF,4,4,96,94,-7.68941643708271,-7.793274336192345,-7.793274336192364,-7.689412488718171,103.8618474741746,6.704502331995172
LiH,3.2,HEA_HF,6,0,144,104,-7.68941643708271,-7.793274336192345,-7.793274336192364,-7.689414839366741,103.85949682560458,8.6071735870064
LiH,3.2,HEA_HF,6,1,144,104,-7.68941643708271,-7.793274336192345,-7.793274336192364,-7.689415025197489,103.85931099485646,8.434867449992453
LiH,3.2,HEA_HF,6,2,144,104,-7.68941643708271,-7.793274336192345,-7.793274336192364,-7.689414309229743,103.86002696260199,8.483036550998804
LiH,3.2,HEA_HF,6,3,144,94,-7.68941643708271,-7.793274336192345,-7.793274336192364,-7.689411632286955,103.86270390539032,7.786831978010014
LiH,3.2,HEA_HF,6,4,144,95,-7.68941643708271,-7.793274336192345,-7.793274336192364,-7.6894113873722105,103.8629488201348,7.840944195006159
